{
    "enabled": true,
    "neededInstalledMods": [],
    "neededUninstalledMods": [],
    "spawns": [
        {
            "id": "yveltal-1",
            "pokemon": "yveltal",
            "type": "pokemon",
            "context": "grounded",
            "bucket": "ultra-rare",
            "level": "65-75",
            "weight": 1.6,
            "condition": {
                "timeRange": "night",
                "biomes": [
                    "#cobblemon:is_spooky"
                ]
            }
        }
    ]
}