{
  "target": "cobblemon:chienpao",
  "implemented": true,
  "baseScale": 1.0,
  "hitbox": {
    "width": 1.55,
    "height": 1.35,
    "fixed": false
  },
  "behaviour": {
    "moving": {
      "canLook": false,
      "walk": {
        "canWalk": true,
        "walkSpeed": 0.23,
        "avoidsLand": false
      },
      "swim": {
        "canSwimInWater": true,
        "swimSpeed": 0.18,
        "canBreatheUnderwater": true
      }
    }
  },
  "riding": {
    "behaviours": {
      "LAND": {
        "key": "cobblemon:land/horse",
        "rideSounds": [],
        "stats": {
          "ACCELERATION": "60-85",
          "JUMP": "25-45",
          "SKILL": "45-70",
          "SPEED": "70-95",
          "STAMINA": "35-55"
        }
      }
    },
    "seats": [
      {
        "offset": {
          "x": 0.0,
          "y": 0.0,
          "z": 0.0
        }
      }
    ]
  }
}
