{
  "implemented": true,
  "target": "cobblemon:cobalion",
  "baseScale": 0.9,
  "hitbox": {
    "width": 1.4,
    "height": 2.5,
    "fixed": false
  },
  "behaviour": {
    "resting": {
      "canSleep": true,
      "depth": "normal",
      "light": "0-4"
    },
    "moving": {
      "canLook": false,
      "walk": {
        "walkSpeed": 0.190,
        "canWalk": true,
        "avoidsLand": false
      },
      "swim": {
        "swimSpeed": 0.1,
        "canSwimInWater": false,
        "canBreatheUnderwater": false
      }
    }
  },
  "riding": {
    "behaviours": {
      "LAND": {
        "key": "cobblemon:land/horse",
        "rideSounds": [],
        "stats": {
          "ACCELERATION": "35-50",
          "JUMP": "30-45",
          "SKILL": "35-55",
          "SPEED": "35-55",
          "STAMINA": "70-95"
        }
      }
    },
    "seats": [
      {
        "offset": {
          "x": 0.0,
          "y": 1.6,
          "z": 0.0
        },
        "poseOffsets": [
          {
            "offset": {
              "x": 0.0,
              "y": -1.3,
              "z": 0.0
            }
          }
        ]
      }
    ]
  }
}