{
  "target": "cobblemon:drampa",
  "implemented": true,
  "riding": {
    "behaviours": {
      "AIR": {
        "key": "cobblemon:air/bird",
        "rideSounds": [],
        "stats": {
          "ACCELERATION": "15-35",
          "JUMP": "15-35",
          "SKILL": "30-55",
          "SPEED": "30-50",
          "STAMINA": "60-90"
        }
      },
      "LAND": {
        "key": "cobblemon:land/horse",
        "rideSounds": [],
        "canJump": false,
        "canSprint": false,
        "stats": {
          "ACCELERATION": "35-55",
          "JUMP": "10-25",
          "SKILL": "15-30",
          "SPEED": "20-35",
          "STAMINA": "20-35"
        }
      }
    },
    "seats": [
      {
        "offset": {
          "x": 0.0,
          "y": 0.0,
          "z": 0.0
        },
        "poseOffsets": [
          {
            "offset": {
              "x": 0.0,
              "y": -1.8,
              "z": 0.1
            },
            "poseTypes": [
              "STAND"
            ]
          },
          {
            "offset": {
              "x": 0.05,
              "y": -1.85,
              "z": -0.05
            },
            "poseTypes": [
              "WALK"
            ]
          },
          {
            "offset": {
              "x": 0.02,
              "y": -1.5,
              "z": -0.15
            },
            "poseTypes": [
              "HOVER"
            ]
          },
          {
            "offset": {
              "x": 0.02,
              "y": -1.5,
              "z": -0.15
            },
            "poseTypes": [
              "GLIDE"
            ]
          },
          {
            "offset": {
              "x": -0.03,
              "y": -1.45,
              "z": -0.2
            },
            "poseTypes": [
              "FLOAT"
            ]
          },
          {
            "offset": {
              "x": 0.03,
              "y": -1.6,
              "z": -0.1
            },
            "poseTypes": [
              "SWIM"
            ]
          }
        ]
      }
    ]
  }
}
