{
  "implemented": true,
  "target": "cobblemon:groudon",
  "riding": {
    "behaviours": {
      "LAND": {
        "key": "cobblemon:land/horse",
        "rideSounds": [],
        "stats": {
          "ACCELERATION": "30-60",
          "JUMP": "30-65",
          "SKILL": "20-50",
          "SPEED": "20-40",
          "STAMINA": "80-135"
        }
      }
    },
    "seats": [
      {
        "offset": {
          "x": 0.0,
          "y": 0.0,
          "z": 0.0
        }
      }
    ]
  },
  "baseScale": 1,
  "hitbox": {
    "width": 5.5,
    "height": 6,
    "fixed": false
  },
  "behaviour": {
    "moving": {
      "canLook": true,
      "walk": {
        "walkSpeed": 0.6,
        "canWalk": true,
        "avoidsLand": false
      },
      "swim": {
        "hurtByLava": false,
        "canWalkOnLava": true
      }
    },
    "fireImmune": true
  }
}