{
  "target": "cobblemon:keldeo",
  "implemented": true,
  "baseScale": 1,
  "hitbox": {
    "width": 1.1,
    "height": 1.5,
    "fixed": false
  },
  "riding": {
    "behaviours": {
      "LAND": {
        "key": "cobblemon:land/horse",
        "rideSounds": [],
        "stats": {
          "ACCELERATION": "30-60",
          "JUMP": "30-65",
          "SKILL": "20-50",
          "SPEED": "40-50",
          "STAMINA": "100-145"
        }
      }
    },
    "seats": [
      {
        "offset": {
          "x": 0.0,
          "y": 0.0,
          "z": 0.0
        }
      }
    ]
  }
}